SourceFile,FileName
./thumb_IMG_3303_1024.jpg,thumb_IMG_3303_1024.jpg
./thumb_IMG_3304_1024.jpg,thumb_IMG_3304_1024.jpg
./thumb_IMG_3305_1024.jpg,thumb_IMG_3305_1024.jpg
./thumb_IMG_3306_1024.jpg,thumb_IMG_3306_1024.jpg
./thumb_IMG_3307_1024.jpg,thumb_IMG_3307_1024.jpg
./thumb_IMG_3308_1024.jpg,thumb_IMG_3308_1024.jpg
./thumb_IMG_3309_1024.jpg,thumb_IMG_3309_1024.jpg
./thumb_IMG_3310_1024.jpg,thumb_IMG_3310_1024.jpg
./thumb_IMG_3311_1024.jpg,thumb_IMG_3311_1024.jpg
./thumb_IMG_3312_1024.jpg,thumb_IMG_3312_1024.jpg
./thumb_IMG_3313_1024.jpg,thumb_IMG_3313_1024.jpg
./thumb_IMG_3314_1024.jpg,thumb_IMG_3314_1024.jpg
./thumb_IMG_3315_1024.jpg,thumb_IMG_3315_1024.jpg
./thumb_IMG_3316_1024.jpg,thumb_IMG_3316_1024.jpg
./thumb_IMG_3317_1024.jpg,thumb_IMG_3317_1024.jpg
./thumb_IMG_3318_1024.jpg,thumb_IMG_3318_1024.jpg
./thumb_IMG_3319_1024.jpg,thumb_IMG_3319_1024.jpg
./thumb_IMG_3320_1024.jpg,thumb_IMG_3320_1024.jpg
./thumb_IMG_3321_1024.jpg,thumb_IMG_3321_1024.jpg
./thumb_IMG_3322_1024.jpg,thumb_IMG_3322_1024.jpg
./thumb_IMG_3323_1024.jpg,thumb_IMG_3323_1024.jpg
./thumb_IMG_3324_1024.jpg,thumb_IMG_3324_1024.jpg
./thumb_IMG_3325_1024.jpg,thumb_IMG_3325_1024.jpg
./thumb_IMG_3326_1024.jpg,thumb_IMG_3326_1024.jpg
./thumb_IMG_3327_1024.jpg,thumb_IMG_3327_1024.jpg
./thumb_IMG_3328_1024.jpg,thumb_IMG_3328_1024.jpg
./thumb_IMG_3329_1024.jpg,thumb_IMG_3329_1024.jpg
./thumb_IMG_3330_1024.jpg,thumb_IMG_3330_1024.jpg
./thumb_IMG_3331_1024.jpg,thumb_IMG_3331_1024.jpg
./thumb_IMG_3332_1024.jpg,thumb_IMG_3332_1024.jpg
./thumb_IMG_3333_1024.jpg,thumb_IMG_3333_1024.jpg
./thumb_IMG_3334_1024.jpg,thumb_IMG_3334_1024.jpg
./thumb_IMG_3335_1024.jpg,thumb_IMG_3335_1024.jpg
./thumb_IMG_3336_1024.jpg,thumb_IMG_3336_1024.jpg
./thumb_IMG_3337_1024.jpg,thumb_IMG_3337_1024.jpg
./thumb_IMG_3338_1024.jpg,thumb_IMG_3338_1024.jpg
./thumb_IMG_3339_1024.jpg,thumb_IMG_3339_1024.jpg
./thumb_IMG_3340_1024.jpg,thumb_IMG_3340_1024.jpg
./thumb_IMG_3341_1024.jpg,thumb_IMG_3341_1024.jpg
./thumb_IMG_3342_1024.jpg,thumb_IMG_3342_1024.jpg
